{"cameraMode":{"drawMode":0,"name":"Shaded","section":"Shading Mode"},"sceneLighting":true,"audioPlay":false,"sceneViewState":{"showFog":false,"showMaterialUpdate":false,"showSkybox":false,"showFlares":false,"showImageEffects":false,"showParticleSystems":false},"in2DMode":false,"pivot":{"x":28.725996017456056,"y":-8.566139221191407,"z":9.388427734375},"rotation":{"x":-0.4470069408416748,"y":-0.07098449021577835,"z":0.0356123186647892,"w":-0.890998125076294},"size":93.68988037109375,"orthographic":false}