{"cameraMode":{"drawMode":0,"name":"Shaded","section":"Shading Mode"},"sceneLighting":false,"audioPlay":false,"sceneViewState":{"showFog":false,"showMaterialUpdate":false,"showSkybox":false,"showFlares":false,"showImageEffects":false,"showParticleSystems":false},"in2DMode":false,"pivot":{"x":20.350955963134767,"y":-11.619879722595215,"z":23.37626075744629},"rotation":{"x":-0.46290189027786257,"y":-0.02658575028181076,"z":0.013891507871448994,"w":-0.8859018683433533},"size":83.90033721923828,"orthographic":false}