{"cameraMode":{"drawMode":0,"name":"Shaded","section":"Shading Mode"},"sceneLighting":false,"audioPlay":false,"sceneViewState":{"showFog":false,"showMaterialUpdate":false,"showSkybox":false,"showFlares":false,"showImageEffects":false,"showParticleSystems":false},"in2DMode":false,"pivot":{"x":105.19458770751953,"y":180.4974365234375,"z":5.553267478942871},"rotation":{"x":0.04793813079595566,"y":-0.04194003716111183,"z":-0.0020147033501416446,"w":-0.9979674220085144},"size":848.434814453125,"orthographic":false}