{"cameraMode":{"drawMode":0,"name":"Shaded","section":"Shading Mode"},"sceneLighting":false,"audioPlay":false,"sceneViewState":{"showFog":false,"showMaterialUpdate":false,"showSkybox":false,"showFlares":false,"showImageEffects":false,"showParticleSystems":false},"in2DMode":false,"pivot":{"x":39.649044036865237,"y":25.200767517089845,"z":24.16997528076172},"rotation":{"x":-0.44152840971946719,"y":-0.025566304102540017,"z":0.012587233446538449,"w":-0.8967946171760559},"size":22.0,"orthographic":false}