{"cameraMode":{"drawMode":0,"name":"Shaded","section":"Shading Mode"},"sceneLighting":false,"audioPlay":false,"sceneViewState":{"showFog":false,"showMaterialUpdate":false,"showSkybox":false,"showFlares":false,"showImageEffects":false,"showParticleSystems":false},"in2DMode":false,"pivot":{"x":0.0,"y":0.01721196621656418,"z":1.1920928955078126e-7},"rotation":{"x":-0.44152840971946719,"y":-0.025566304102540017,"z":0.012587233446538449,"w":-0.8967946171760559},"size":6.9910969734191898,"orthographic":false}