{"cameraMode":{"drawMode":0,"name":"Shaded","section":"Shading Mode"},"sceneLighting":false,"audioPlay":false,"sceneViewState":{"showFog":false,"showMaterialUpdate":false,"showSkybox":false,"showFlares":false,"showImageEffects":false,"showParticleSystems":false},"in2DMode":false,"pivot":{"x":188.89434814453126,"y":124.32837677001953,"z":1.6040400266647339},"rotation":{"x":-0.12412389367818833,"y":-0.02976406179368496,"z":0.003724845126271248,"w":-0.9918132424354553},"size":738.1658935546875,"orthographic":false}