{"cameraMode":{"drawMode":0,"name":"Shaded","section":"Shading Mode"},"sceneLighting":false,"audioPlay":false,"sceneViewState":{"showFog":false,"showMaterialUpdate":false,"showSkybox":false,"showFlares":false,"showImageEffects":false,"showParticleSystems":false},"in2DMode":false,"pivot":{"x":-54.60846710205078,"y":6.393642425537109,"z":26.991897583007814},"rotation":{"x":-0.1092427670955658,"y":-0.026836365461349489,"z":0.002950325608253479,"w":-0.9936484098434448},"size":31.866222381591798,"orthographic":false}