{"cameraMode":{"drawMode":0,"name":"Shaded","section":"Shading Mode"},"sceneLighting":false,"audioPlay":false,"sceneViewState":{"showFog":false,"showMaterialUpdate":false,"showSkybox":false,"showFlares":false,"showImageEffects":false,"showParticleSystems":false},"in2DMode":false,"pivot":{"x":250.0093231201172,"y":131.6918182373047,"z":-103.03923034667969},"rotation":{"x":-0.004500520881265402,"y":-0.01200028695166111,"z":0.00005392676393967122,"w":-0.9999179244041443},"size":219.15003967285157,"orthographic":false}