{"cameraMode":{"drawMode":0,"name":"Shaded","section":"Shading Mode"},"sceneLighting":false,"audioPlay":false,"sceneViewState":{"showFog":false,"showMaterialUpdate":false,"showSkybox":false,"showFlares":false,"showImageEffects":false,"showParticleSystems":false},"in2DMode":false,"pivot":{"x":-34.11454391479492,"y":-3.271881103515625,"z":61.724185943603519},"rotation":{"x":-0.037488311529159549,"y":0.014988117851316929,"z":-0.0005624221521429718,"w":-0.9991845488548279},"size":48.33698654174805,"orthographic":false}