{"cameraMode":{"drawMode":0,"name":"Shaded","section":"Shading Mode"},"sceneLighting":false,"audioPlay":false,"sceneViewState":{"showFog":false,"showMaterialUpdate":false,"showSkybox":false,"showFlares":false,"showImageEffects":false,"showParticleSystems":false},"in2DMode":false,"pivot":{"x":-0.000003814697265625,"y":13.580886840820313,"z":46.746238708496097},"rotation":{"x":-0.44152840971946719,"y":-0.025566304102540017,"z":0.012587233446538449,"w":-0.8967946171760559},"size":261.3309631347656,"orthographic":false}