{"cameraMode":{"drawMode":0,"name":"Shaded","section":"Shading Mode"},"sceneLighting":false,"audioPlay":false,"sceneViewState":{"showFog":false,"showMaterialUpdate":false,"showSkybox":false,"showFlares":false,"showImageEffects":false,"showParticleSystems":false},"in2DMode":false,"pivot":{"x":288.7484130859375,"y":309.67523193359377,"z":-23.081504821777345},"rotation":{"x":0.04793813079595566,"y":-0.04194003716111183,"z":-0.0020147033501416446,"w":-0.9979674220085144},"size":538.2076416015625,"orthographic":false}