{"cameraMode":{"drawMode":0,"name":"Shaded","section":"Shading Mode"},"sceneLighting":false,"audioPlay":false,"sceneViewState":{"showFog":false,"showMaterialUpdate":false,"showSkybox":false,"showFlares":false,"showImageEffects":false,"showParticleSystems":false},"in2DMode":false,"pivot":{"x":232.02285766601563,"y":88.03072357177735,"z":75.44186401367188},"rotation":{"x":-0.0029996989760547878,"y":0.026995906606316568,"z":-0.00008109314512694255,"w":-0.9996311068534851},"size":339.1524963378906,"orthographic":false}