{"cameraMode":{"drawMode":0,"name":"Shaded","section":"Shading Mode"},"sceneLighting":false,"audioPlay":false,"sceneViewState":{"showFog":false,"showMaterialUpdate":false,"showSkybox":false,"showFlares":false,"showImageEffects":false,"showParticleSystems":false},"in2DMode":false,"pivot":{"x":153.2843475341797,"y":180.81716918945313,"z":127.24638366699219},"rotation":{"x":0.002997586503624916,"y":-0.03299456089735031,"z":-0.00009904400212690234,"w":-0.9994510412216187},"size":490.194091796875,"orthographic":false}