{"cameraMode":{"drawMode":0,"name":"Shaded","section":"Shading Mode"},"sceneLighting":false,"audioPlay":false,"sceneViewState":{"showFog":false,"showMaterialUpdate":false,"showSkybox":false,"showFlares":false,"showImageEffects":false,"showParticleSystems":false},"in2DMode":false,"pivot":{"x":284.2233581542969,"y":162.68942260742188,"z":1.681574821472168},"rotation":{"x":0.002998198615387082,"y":-0.020999113097786905,"z":-0.00006305504939518869,"w":-0.9997749924659729},"size":290.7563781738281,"orthographic":false}