{"cameraMode":{"drawMode":0,"name":"Shaded","section":"Shading Mode"},"sceneLighting":false,"audioPlay":false,"sceneViewState":{"showFog":false,"showMaterialUpdate":false,"showSkybox":false,"showFlares":false,"showImageEffects":false,"showParticleSystems":false},"in2DMode":false,"pivot":{"x":311.3428039550781,"y":39.114479064941409,"z":2.895904541015625},"rotation":{"x":-0.011986327357590199,"y":-0.0479787141084671,"z":0.0005757545004598796,"w":-0.9987763166427612},"size":171.36256408691407,"orthographic":false}