{"cameraMode":{"drawMode":0,"name":"Shaded","section":"Shading Mode"},"sceneLighting":false,"audioPlay":false,"sceneViewState":{"showFog":false,"showMaterialUpdate":false,"showSkybox":false,"showFlares":false,"showImageEffects":false,"showParticleSystems":false},"in2DMode":false,"pivot":{"x":220.17506408691407,"y":131.3584442138672,"z":13.281862258911133},"rotation":{"x":-0.02249009534716606,"y":-0.02848968282341957,"z":0.0006410775822587311,"w":-0.9993408918380737},"size":316.6243896484375,"orthographic":false}